graph_id,criticality,scheduler,cost_estimator,deadline_us,period_us,R_end_us,deadline_missed,tardiness_us,slack_us,makespan_us
test_id_000008,HI,DeadlineAwareList,Q50_pred_us,1570834.0,2256307.0,3862779.023901316,True,2291945.023901316,-2291945.023901316,3862779.023901316
test_id_000008,HI,DeadlineAwareList,Q95_pred_us,1570834.0,2256307.0,4489922.108750001,True,2919088.1087500006,-2919088.1087500006,4489922.108750001
test_id_000008,HI,DeadlineAwareList,C_e_us,1570834.0,2256307.0,4941218.346223684,True,3370384.346223684,-3370384.346223684,4941218.346223684
test_id_000028,LO,DeadlineAwareList,Q50_pred_us,3890499.0,4409997.0,4019469.6595714283,True,128970.65957142832,-128970.65957142832,4019469.6595714283
test_id_000028,LO,DeadlineAwareList,Q95_pred_us,3890499.0,4409997.0,4701351.490964286,True,810852.490964286,-810852.490964286,4701351.490964286
test_id_000028,LO,DeadlineAwareList,C_e_us,3890499.0,4409997.0,4701351.490964286,True,810852.490964286,-810852.490964286,4701351.490964286
test_id_000099,HI,DeadlineAwareList,Q50_pred_us,10460095.0,12025768.0,10307732.59375,False,0.0,152362.40625,10307732.59375
test_id_000099,HI,DeadlineAwareList,Q95_pred_us,10460095.0,12025768.0,12409365.594598684,True,1949270.5945986845,-1949270.5945986845,12409365.594598684
test_id_000099,HI,DeadlineAwareList,C_e_us,10460095.0,12025768.0,14212013.797723684,True,3751918.7977236845,-3751918.7977236845,14212013.797723684
test_id_000131,LO,DeadlineAwareList,Q50_pred_us,10392708.0,12687196.0,11389759.844,True,997051.8440000005,-997051.8440000005,11389759.844
test_id_000131,LO,DeadlineAwareList,Q95_pred_us,10392708.0,12687196.0,13150917.6565,True,2758209.6565000005,-2758209.6565000005,13150917.6565
test_id_000131,LO,DeadlineAwareList,C_e_us,10392708.0,12687196.0,13150917.6565,True,2758209.6565000005,-2758209.6565000005,13150917.6565
test_id_000150,HI,DeadlineAwareList,Q50_pred_us,5198005.0,7604272.0,4039087.6819642857,False,0.0,1158917.3180357143,4039087.6819642857
test_id_000150,HI,DeadlineAwareList,Q95_pred_us,5198005.0,7604272.0,4939499.34375,False,0.0,258505.65625,4939499.34375
test_id_000150,HI,DeadlineAwareList,C_e_us,5198005.0,7604272.0,5662791.966322368,True,464786.966322368,-464786.966322368,5662791.966322368
test_id_000168,LO,DeadlineAwareList,Q50_pred_us,902470.0,1343921.0,8764367.8125,True,7861897.8125,-7861897.8125,8764367.8125
test_id_000168,LO,DeadlineAwareList,Q95_pred_us,902470.0,1343921.0,10291840.765625,True,9389370.765625,-9389370.765625,10291840.765625
test_id_000168,LO,DeadlineAwareList,C_e_us,902470.0,1343921.0,10291840.765625,True,9389370.765625,-9389370.765625,10291840.765625
test_id_000190,HI,DeadlineAwareList,Q50_pred_us,773476.0,859621.0,12034851.65625,True,11261375.65625,-11261375.65625,12034851.65625
test_id_000190,HI,DeadlineAwareList,Q95_pred_us,773476.0,859621.0,13929470.90625,True,13155994.90625,-13155994.90625,13929470.90625
test_id_000190,HI,DeadlineAwareList,C_e_us,773476.0,859621.0,15207423.71875,True,14433947.71875,-14433947.71875,15207423.71875
test_id_000204,LO,DeadlineAwareList,Q50_pred_us,13698063.0,16867822.0,19911040.93795395,True,6212977.937953949,-6212977.937953949,19911040.93795395
test_id_000204,LO,DeadlineAwareList,Q95_pred_us,13698063.0,16867822.0,23207843.796875,True,9509780.796875,-9509780.796875,23207843.796875
test_id_000204,LO,DeadlineAwareList,C_e_us,13698063.0,16867822.0,23207843.796875,True,9509780.796875,-9509780.796875,23207843.796875
test_id_000219,HI,DeadlineAwareList,Q50_pred_us,814398.0,1092345.0,19043501.527785715,True,18229103.527785715,-18229103.527785715,19043501.527785715
test_id_000219,HI,DeadlineAwareList,Q95_pred_us,814398.0,1092345.0,21944400.668410715,True,21130002.668410715,-21130002.668410715,21944400.668410715
test_id_000219,HI,DeadlineAwareList,C_e_us,814398.0,1092345.0,23859783.734375,True,23045385.734375,-23045385.734375,23859783.734375
test_id_000233,LO,DeadlineAwareList,Q50_pred_us,5414081.0,6551886.0,6714839.824178571,True,1300758.8241785709,-1300758.8241785709,6714839.824178571
test_id_000233,LO,DeadlineAwareList,Q95_pred_us,5414081.0,6551886.0,7889832.1672236845,True,2475751.1672236845,-2475751.1672236845,7889832.1672236845
test_id_000233,LO,DeadlineAwareList,C_e_us,5414081.0,6551886.0,7889832.1672236845,True,2475751.1672236845,-2475751.1672236845,7889832.1672236845
test_id_000241,HI,DeadlineAwareList,Q50_pred_us,2847461.0,3943302.0,14387178.937098684,True,11539717.937098684,-11539717.937098684,14387178.937098684
test_id_000241,HI,DeadlineAwareList,Q95_pred_us,2847461.0,3943302.0,16744500.3125,True,13897039.3125,-13897039.3125,16744500.3125
test_id_000241,HI,DeadlineAwareList,C_e_us,2847461.0,3943302.0,18512588.328125,True,15665127.328125,-15665127.328125,18512588.328125
test_id_000254,LO,DeadlineAwareList,Q50_pred_us,1011328.0,1343344.0,8062181.15625,True,7050853.15625,-7050853.15625,8062181.15625
test_id_000254,LO,DeadlineAwareList,Q95_pred_us,1011328.0,1343344.0,9627627.871578947,True,8616299.871578947,-8616299.871578947,9627627.871578947
test_id_000254,LO,DeadlineAwareList,C_e_us,1011328.0,1343344.0,9627627.871578947,True,8616299.871578947,-8616299.871578947,9627627.871578947
test_id_000341,HI,DeadlineAwareList,Q50_pred_us,572020.0,726480.0,10600847.359375,True,10028827.359375,-10028827.359375,10600847.359375
test_id_000341,HI,DeadlineAwareList,Q95_pred_us,572020.0,726480.0,12574668.588828947,True,12002648.588828947,-12002648.588828947,12574668.588828947
test_id_000341,HI,DeadlineAwareList,C_e_us,572020.0,726480.0,14115727.159322368,True,13543707.159322368,-13543707.159322368,14115727.159322368
test_id_000343,LO,DeadlineAwareList,Q50_pred_us,2811046.0,3739279.0,16554677.043505639,True,13743631.043505639,-13743631.043505639,16554677.043505639
test_id_000343,LO,DeadlineAwareList,Q95_pred_us,2811046.0,3739279.0,19338120.921875,True,16527074.921875,-16527074.921875,19338120.921875
test_id_000343,LO,DeadlineAwareList,C_e_us,2811046.0,3739279.0,19338120.921875,True,16527074.921875,-16527074.921875,19338120.921875
test_id_000386,HI,DeadlineAwareList,Q50_pred_us,1741176.0,2112587.0,9350281.984375,True,7609105.984375,-7609105.984375,9350281.984375
test_id_000386,HI,DeadlineAwareList,Q95_pred_us,1741176.0,2112587.0,11098434.890625,True,9357258.890625,-9357258.890625,11098434.890625
test_id_000386,HI,DeadlineAwareList,C_e_us,1741176.0,2112587.0,12503216.265625,True,10762040.265625,-10762040.265625,12503216.265625
test_id_000423,LO,DeadlineAwareList,Q50_pred_us,7965044.0,9967637.0,20971986.876400374,True,13006942.876400374,-13006942.876400374,20971986.876400374
test_id_000423,LO,DeadlineAwareList,Q95_pred_us,7965044.0,9967637.0,23620947.988539472,True,15655903.988539472,-15655903.988539472,23620947.988539472
test_id_000423,LO,DeadlineAwareList,C_e_us,7965044.0,9967637.0,23620947.988539472,True,15655903.988539472,-15655903.988539472,23620947.988539472
test_id_000438,HI,DeadlineAwareList,Q50_pred_us,639979.0,842787.0,4555667.644296053,True,3915688.644296053,-3915688.644296053,4555667.644296053
test_id_000438,HI,DeadlineAwareList,Q95_pred_us,639979.0,842787.0,5374002.3125,True,4734023.3125,-4734023.3125,5374002.3125
test_id_000438,HI,DeadlineAwareList,C_e_us,639979.0,842787.0,6022354.5625,True,5382375.5625,-5382375.5625,6022354.5625
test_id_000448,LO,DeadlineAwareList,Q50_pred_us,1274585.0,1412000.0,1562253.643993421,True,287668.643993421,-287668.643993421,1562253.643993421
test_id_000448,LO,DeadlineAwareList,Q95_pred_us,1274585.0,1412000.0,1888596.0943035714,True,614011.0943035714,-614011.0943035714,1888596.0943035714
test_id_000448,LO,DeadlineAwareList,C_e_us,1274585.0,1412000.0,1888596.0943035714,True,614011.0943035714,-614011.0943035714,1888596.0943035714
test_id_000465,HI,DeadlineAwareList,Q50_pred_us,15544382.0,17479260.0,14182547.375,False,0.0,1361834.625,14182547.375
test_id_000465,HI,DeadlineAwareList,Q95_pred_us,15544382.0,17479260.0,17110601.010092106,True,1566219.0100921057,-1566219.0100921057,17110601.010092106
test_id_000465,HI,DeadlineAwareList,C_e_us,15544382.0,17479260.0,19590622.494467106,True,4046240.4944671057,-4046240.4944671057,19590622.494467106
test_id_000474,LO,DeadlineAwareList,Q50_pred_us,1542427.0,1682385.0,3515819.4923355263,True,1973392.4923355263,-1973392.4923355263,3515819.4923355263
test_id_000474,LO,DeadlineAwareList,Q95_pred_us,1542427.0,1682385.0,4104390.46875,True,2561963.46875,-2561963.46875,4104390.46875
test_id_000474,LO,DeadlineAwareList,C_e_us,1542427.0,1682385.0,4104390.46875,True,2561963.46875,-2561963.46875,4104390.46875
test_id_000477,HI,DeadlineAwareList,Q50_pred_us,5052459.0,6486278.0,15026715.240249999,True,9974256.240249999,-9974256.240249999,15026715.240249999
test_id_000477,HI,DeadlineAwareList,Q95_pred_us,5052459.0,6486278.0,17348106.410236843,True,12295647.410236843,-12295647.410236843,17348106.410236843
test_id_000477,HI,DeadlineAwareList,C_e_us,5052459.0,6486278.0,19039183.915342104,True,13986724.915342104,-13986724.915342104,19039183.915342104
test_id_000523,LO,DeadlineAwareList,Q50_pred_us,10211495.0,14824254.0,20647873.304165408,True,10436378.304165408,-10436378.304165408,20647873.304165408
test_id_000523,LO,DeadlineAwareList,Q95_pred_us,10211495.0,14824254.0,23466231.46850564,True,13254736.46850564,-13254736.46850564,23466231.46850564
test_id_000523,LO,DeadlineAwareList,C_e_us,10211495.0,14824254.0,23466231.46850564,True,13254736.46850564,-13254736.46850564,23466231.46850564
test_id_000558,HI,DeadlineAwareList,Q50_pred_us,965097.0,1349011.0,14247420.21875,True,13282323.21875,-13282323.21875,14247420.21875
test_id_000558,HI,DeadlineAwareList,Q95_pred_us,965097.0,1349011.0,16787772.046875,True,15822675.046875,-15822675.046875,16787772.046875
test_id_000558,HI,DeadlineAwareList,C_e_us,965097.0,1349011.0,18805515.59375,True,17840418.59375,-17840418.59375,18805515.59375
test_id_000564,LO,DeadlineAwareList,Q50_pred_us,1624774.0,1819070.0,5906410.359375,True,4281636.359375,-4281636.359375,5906410.359375
test_id_000564,LO,DeadlineAwareList,Q95_pred_us,1624774.0,1819070.0,7144909.34375,True,5520135.34375,-5520135.34375,7144909.34375
test_id_000564,LO,DeadlineAwareList,C_e_us,1624774.0,1819070.0,7144909.34375,True,5520135.34375,-5520135.34375,7144909.34375
test_id_000581,HI,DeadlineAwareList,Q50_pred_us,1099465.0,1432708.0,3107068.6186578944,True,2007603.6186578944,-2007603.6186578944,3107068.6186578944
test_id_000581,HI,DeadlineAwareList,Q95_pred_us,1099465.0,1432708.0,3679384.609375,True,2579919.609375,-2579919.609375,3679384.609375
test_id_000581,HI,DeadlineAwareList,C_e_us,1099465.0,1432708.0,4136596.4746315787,True,3037131.4746315787,-3037131.4746315787,4136596.4746315787
test_id_000583,LO,DeadlineAwareList,Q50_pred_us,6221974.0,7196070.0,4755752.171816729,False,0.0,1466221.828183271,4755752.171816729
test_id_000583,LO,DeadlineAwareList,Q95_pred_us,6221974.0,7196070.0,5554179.943321428,False,0.0,667794.0566785717,5554179.943321428
test_id_000583,LO,DeadlineAwareList,C_e_us,6221974.0,7196070.0,5554179.943321428,False,0.0,667794.0566785717,5554179.943321428
test_id_000618,HI,DeadlineAwareList,Q50_pred_us,3321410.0,4610680.0,10713594.547461465,True,7392184.547461465,-7392184.547461465,10713594.547461465
test_id_000618,HI,DeadlineAwareList,Q95_pred_us,3321410.0,4610680.0,12174804.579045113,True,8853394.579045113,-8853394.579045113,12174804.579045113
test_id_000618,HI,DeadlineAwareList,C_e_us,3321410.0,4610680.0,13317320.33581579,True,9995910.33581579,-9995910.33581579,13317320.33581579
test_id_000629,LO,DeadlineAwareList,Q50_pred_us,1619758.0,1879892.0,3069555.25,True,1449797.25,-1449797.25,3069555.25
test_id_000629,LO,DeadlineAwareList,Q95_pred_us,1619758.0,1879892.0,3645231.34375,True,2025473.34375,-2025473.34375,3645231.34375
test_id_000629,LO,DeadlineAwareList,C_e_us,1619758.0,1879892.0,3645231.34375,True,2025473.34375,-2025473.34375,3645231.34375
test_id_000631,HI,DeadlineAwareList,Q50_pred_us,549980.0,783276.0,1508043.359375,True,958063.359375,-958063.359375,1508043.359375
test_id_000631,HI,DeadlineAwareList,Q95_pred_us,549980.0,783276.0,1822785.5736907895,True,1272805.5736907895,-1272805.5736907895,1822785.5736907895
test_id_000631,HI,DeadlineAwareList,C_e_us,549980.0,783276.0,2076624.671875,True,1526644.671875,-1526644.671875,2076624.671875
test_id_000697,LO,DeadlineAwareList,Q50_pred_us,1355078.0,1905046.0,4397782.234375,True,3042704.234375,-3042704.234375,4397782.234375
test_id_000697,LO,DeadlineAwareList,Q95_pred_us,1355078.0,1905046.0,5149392.875,True,3794314.875,-3794314.875,5149392.875
test_id_000697,LO,DeadlineAwareList,C_e_us,1355078.0,1905046.0,5149392.875,True,3794314.875,-3794314.875,5149392.875
test_id_000713,HI,DeadlineAwareList,Q50_pred_us,2675662.0,3667560.0,15939763.5625,True,13264101.5625,-13264101.5625,15939763.5625
test_id_000713,HI,DeadlineAwareList,Q95_pred_us,2675662.0,3667560.0,18531742.609375,True,15856080.609375,-15856080.609375,18531742.609375
test_id_000713,HI,DeadlineAwareList,C_e_us,2675662.0,3667560.0,20548155.8125,True,17872493.8125,-17872493.8125,20548155.8125
test_id_000747,LO,DeadlineAwareList,Q50_pred_us,5246497.0,6330977.0,11346648.593359962,True,6100151.593359962,-6100151.593359962,11346648.593359962
test_id_000747,LO,DeadlineAwareList,Q95_pred_us,5246497.0,6330977.0,13249453.331572369,True,8002956.331572369,-8002956.331572369,13249453.331572369
test_id_000747,LO,DeadlineAwareList,C_e_us,5246497.0,6330977.0,13249453.331572369,True,8002956.331572369,-8002956.331572369,13249453.331572369
test_id_000752,HI,DeadlineAwareList,Q50_pred_us,1876533.0,2152177.0,2871893.5755103384,True,995360.5755103384,-995360.5755103384,2871893.5755103384
test_id_000752,HI,DeadlineAwareList,Q95_pred_us,1876533.0,2152177.0,3364901.5459840223,True,1488368.5459840223,-1488368.5459840223,3364901.5459840223
test_id_000752,HI,DeadlineAwareList,C_e_us,1876533.0,2152177.0,3736024.5354567673,True,1859491.5354567673,-1859491.5354567673,3736024.5354567673
test_id_000757,LO,DeadlineAwareList,Q50_pred_us,8518530.0,11960221.0,7811018.419875,False,0.0,707511.5801250003,7811018.419875
test_id_000757,LO,DeadlineAwareList,Q95_pred_us,8518530.0,11960221.0,9339613.37506203,True,821083.3750620298,-821083.3750620298,9339613.37506203
test_id_000757,LO,DeadlineAwareList,C_e_us,8518530.0,11960221.0,9339613.37506203,True,821083.3750620298,-821083.3750620298,9339613.37506203
test_id_000760,HI,DeadlineAwareList,Q50_pred_us,6128957.0,8976419.0,5208694.753589286,False,0.0,920262.2464107145,5208694.753589286
test_id_000760,HI,DeadlineAwareList,Q95_pred_us,6128957.0,8976419.0,6177802.691089286,True,48845.69108928554,-48845.69108928554,6177802.691089286
test_id_000760,HI,DeadlineAwareList,C_e_us,6128957.0,8976419.0,6774236.359375,True,645279.359375,-645279.359375,6774236.359375
test_id_000779,LO,DeadlineAwareList,Q50_pred_us,604066.0,624110.0,3412018.078125,True,2807952.078125,-2807952.078125,3412018.078125
test_id_000779,LO,DeadlineAwareList,Q95_pred_us,604066.0,624110.0,4085415.4375,True,3481349.4375,-3481349.4375,4085415.4375
test_id_000779,LO,DeadlineAwareList,C_e_us,604066.0,624110.0,4085415.4375,True,3481349.4375,-3481349.4375,4085415.4375
test_id_000814,HI,DeadlineAwareList,Q50_pred_us,9903939.0,13513461.0,16935352.77900282,True,7031413.779002819,-7031413.779002819,16935352.77900282
test_id_000814,HI,DeadlineAwareList,Q95_pred_us,9903939.0,13513461.0,19940994.596169174,True,10037055.596169174,-10037055.596169174,19940994.596169174
test_id_000814,HI,DeadlineAwareList,C_e_us,9903939.0,13513461.0,22440202.248708647,True,12536263.248708647,-12536263.248708647,22440202.248708647
test_id_000832,LO,DeadlineAwareList,Q50_pred_us,7222289.0,9267322.0,7267390.068643797,True,45101.06864379719,-45101.06864379719,7267390.068643797
test_id_000832,LO,DeadlineAwareList,Q95_pred_us,7222289.0,9267322.0,8601151.865518797,True,1378862.8655187972,-1378862.8655187972,8601151.865518797
test_id_000832,LO,DeadlineAwareList,C_e_us,7222289.0,9267322.0,8601151.865518797,True,1378862.8655187972,-1378862.8655187972,8601151.865518797
test_id_000844,HI,DeadlineAwareList,Q50_pred_us,5352458.0,6574247.0,10010812.488486841,True,4658354.488486841,-4658354.488486841,10010812.488486841
test_id_000844,HI,DeadlineAwareList,Q95_pred_us,5352458.0,6574247.0,11664655.901151316,True,6312197.901151316,-6312197.901151316,11664655.901151316
test_id_000844,HI,DeadlineAwareList,C_e_us,5352458.0,6574247.0,13051626.981763158,True,7699168.981763158,-7699168.981763158,13051626.981763158
test_id_000862,LO,DeadlineAwareList,Q50_pred_us,706727.0,993344.0,5201771.96875,True,4495044.96875,-4495044.96875,5201771.96875
test_id_000862,LO,DeadlineAwareList,Q95_pred_us,706727.0,993344.0,6285503.881678572,True,5578776.881678572,-5578776.881678572,6285503.881678572
test_id_000862,LO,DeadlineAwareList,C_e_us,706727.0,993344.0,6285503.881678572,True,5578776.881678572,-5578776.881678572,6285503.881678572
test_id_000871,HI,DeadlineAwareList,Q50_pred_us,1533007.0,1591731.0,21756798.90788816,True,20223791.90788816,-20223791.90788816,21756798.90788816
test_id_000871,HI,DeadlineAwareList,Q95_pred_us,1533007.0,1591731.0,24725798.553394735,True,23192791.553394735,-23192791.553394735,24725798.553394735
test_id_000871,HI,DeadlineAwareList,C_e_us,1533007.0,1591731.0,26362030.78125,True,24829023.78125,-24829023.78125,26362030.78125
test_id_000898,LO,DeadlineAwareList,Q50_pred_us,3925669.0,5454269.0,17770917.15625,True,13845248.15625,-13845248.15625,17770917.15625
test_id_000898,LO,DeadlineAwareList,Q95_pred_us,3925669.0,5454269.0,20178506.713124998,True,16252837.713124998,-16252837.713124998,20178506.713124998
test_id_000898,LO,DeadlineAwareList,C_e_us,3925669.0,5454269.0,20178506.713124998,True,16252837.713124998,-16252837.713124998,20178506.713124998
test_id_000908,HI,DeadlineAwareList,Q50_pred_us,2287779.0,2945359.0,10856616.046875,True,8568837.046875,-8568837.046875,10856616.046875
test_id_000908,HI,DeadlineAwareList,Q95_pred_us,2287779.0,2945359.0,12497305.046875,True,10209526.046875,-10209526.046875,12497305.046875
test_id_000908,HI,DeadlineAwareList,C_e_us,2287779.0,2945359.0,13721795.390625,True,11434016.390625,-11434016.390625,13721795.390625
test_id_000957,LO,DeadlineAwareList,Q50_pred_us,891918.0,936318.0,7735866.609375,True,6843948.609375,-6843948.609375,7735866.609375
test_id_000957,LO,DeadlineAwareList,Q95_pred_us,891918.0,936318.0,9055208.546875,True,8163290.546875,-8163290.546875,9055208.546875
test_id_000957,LO,DeadlineAwareList,C_e_us,891918.0,936318.0,9055208.546875,True,8163290.546875,-8163290.546875,9055208.546875
test_id_000974,HI,DeadlineAwareList,Q50_pred_us,2631041.0,3716831.0,2316212.430517857,False,0.0,314828.56948214304,2316212.430517857
test_id_000974,HI,DeadlineAwareList,Q95_pred_us,2631041.0,3716831.0,2706713.078125,True,75672.078125,-75672.078125,2706713.078125
test_id_000974,HI,DeadlineAwareList,C_e_us,2631041.0,3716831.0,2937414.376486842,True,306373.37648684205,-306373.37648684205,2937414.376486842
test_id_000979,LO,DeadlineAwareList,Q50_pred_us,3281701.0,3337411.0,5732681.173798872,True,2450980.173798872,-2450980.173798872,5732681.173798872
test_id_000979,LO,DeadlineAwareList,Q95_pred_us,3281701.0,3337411.0,6620353.163911655,True,3338652.1639116546,-3338652.1639116546,6620353.163911655
test_id_000979,LO,DeadlineAwareList,C_e_us,3281701.0,3337411.0,6620353.163911655,True,3338652.1639116546,-3338652.1639116546,6620353.163911655
test_id_000986,HI,DeadlineAwareList,Q50_pred_us,22306587.0,24530770.0,19967954.265625,False,0.0,2338632.734375,19967954.265625
test_id_000986,HI,DeadlineAwareList,Q95_pred_us,22306587.0,24530770.0,23718800.681267858,True,1412213.6812678576,-1412213.6812678576,23718800.681267858
test_id_000986,HI,DeadlineAwareList,C_e_us,22306587.0,24530770.0,26765550.11243797,True,4458963.112437971,-4458963.112437971,26765550.11243797
test_id_000988,LO,DeadlineAwareList,Q50_pred_us,890635.0,1139775.0,1762201.953125,True,871566.953125,-871566.953125,1762201.953125
test_id_000988,LO,DeadlineAwareList,Q95_pred_us,890635.0,1139775.0,2040735.0,True,1150100.0,-1150100.0,2040735.0
test_id_000988,LO,DeadlineAwareList,C_e_us,890635.0,1139775.0,2040735.0,True,1150100.0,-1150100.0,2040735.0
test_id_000989,HI,DeadlineAwareList,Q50_pred_us,6548522.0,6623570.0,8334069.96875,True,1785547.96875,-1785547.96875,8334069.96875
test_id_000989,HI,DeadlineAwareList,Q95_pred_us,6548522.0,6623570.0,10057101.421875,True,3508579.421875,-3508579.421875,10057101.421875
test_id_000989,HI,DeadlineAwareList,C_e_us,6548522.0,6623570.0,11533383.077624999,True,4984861.077624999,-4984861.077624999,11533383.077624999
test_id_000996,LO,DeadlineAwareList,Q50_pred_us,1260015.0,1478152.0,2605891.375,True,1345876.375,-1345876.375,2605891.375
test_id_000996,LO,DeadlineAwareList,Q95_pred_us,1260015.0,1478152.0,3010461.171875,True,1750446.171875,-1750446.171875,3010461.171875
test_id_000996,LO,DeadlineAwareList,C_e_us,1260015.0,1478152.0,3010461.171875,True,1750446.171875,-1750446.171875,3010461.171875
