criticality,n,base_quantile,target_coverage,raw_coverage,raw_miscoverage,calibrated_coverage,calibrated_miscoverage,mean_inflation_us,median_inflation_us,mean_Qhat_base_us,mean_C_e_us,eval_split
HI,1050,Q95,0.99,0.98,0.020000000000000018,0.9914285714285714,0.008571428571428563,15665.78125,15665.78125,325836.08495535713,341501.86620535713,calibration
LO,1050,Q95,0.95,0.9885714285714285,0.011428571428571455,0.9885714285714285,0.011428571428571455,0.0,0.0,318646.48113095236,318646.48113095236,calibration
ALL,2100,Q95,,0.9842857142857143,0.01571428571428568,0.99,0.010000000000000009,7832.890625,7832.890625,322241.28304315475,330074.17366815475,calibration
HI,1050,Q95,0.99,0.9942857142857143,0.005714285714285672,1.0,0.0,15665.78125,15665.78125,289358.65319940477,305024.43444940477,test_id
LO,1050,Q95,0.95,0.9857142857142858,0.014285714285714235,0.9857142857142858,0.014285714285714235,0.0,0.0,280835.1582886905,280835.1582886905,test_id
ALL,2100,Q95,,0.99,0.010000000000000009,0.9928571428571429,0.0071428571428571175,7832.890625,7832.890625,285096.9057440476,292929.7963690476,test_id
HI,1050,Q95,0.99,0.9561904761904761,0.043809523809523854,0.979047619047619,0.020952380952380945,15665.78125,15665.78125,312973.3728422619,328639.1540922619,test_ood
LO,1050,Q95,0.95,0.9514285714285714,0.0485714285714286,0.9514285714285714,0.0485714285714286,0.0,0.0,293057.37476190476,293057.37476190476,test_ood
ALL,2100,Q95,,0.9538095238095238,0.046190476190476226,0.9652380952380952,0.03476190476190477,7832.890625,7832.890625,303015.3738020833,310848.2644270833,test_ood
